Item Name,units,avg_price,avg_cost,margin_pct,popularity_pctile,suggested_change_pct,suggested_price,reason
Cafe Latte,2560,217.532154340836,62.44323151125402,71.29471194708252,1.0,5.0,230.0,Trending + healthy margin - raise price to capture profit
Cold Brew,2527,287.38499452354876,90.29153340635268,68.58168132402123,0.9859154929577465,5.0,300.0,Trending + healthy margin - raise price to capture profit
Cafe Mocha,2517,247.3658269441402,77.805421686747,68.54641457636875,0.971830985915493,5.0,260.0,Trending + healthy margin - raise price to capture profit
Iced Tea (Lemon),2500,179.3864864864865,47.14310810810811,73.71981076642612,0.9577464788732394,5.0,190.0,Trending + healthy margin - raise price to capture profit
Iced Tea (Peach),2449,179.23229461756375,47.69158073654391,73.39118999826138,0.9436619718309859,5.0,190.0,Trending + healthy margin - raise price to capture profit
Masala Chai,2447,98.53942144072603,18.147203630175838,81.58381349834508,0.9295774647887324,5.0,105.0,Trending + healthy margin - raise price to capture profit
Fresh Lime Soda,2446,138.99775407074677,30.611819202695116,77.97675264082729,0.9154929577464789,5.0,145.0,Trending + healthy margin - raise price to capture profit
Lemonade,2442,157.7639751552795,41.903619424054206,73.43904438081604,0.9014084507042254,5.0,165.0,Trending + healthy margin - raise price to capture profit
Americano,2433,157.21408450704226,37.635385915492954,76.06105964773971,0.8873239436619719,5.0,165.0,Trending + healthy margin - raise price to capture profit
Iced Latte,2432,238.34168057874234,69.29901502504174,70.92450852206397,0.8732394366197183,5.0,250.0,Trending + healthy margin - raise price to capture profit
Espresso,2394,117.6533483398987,25.76158694428813,78.10382168651647,0.8591549295774648,5.0,125.0,Trending + healthy margin - raise price to capture profit
Green Tea,2369,138.9510901591043,30.364130819092516,78.14761238337574,0.8450704225352113,5.0,145.0,Trending + healthy margin - raise price to capture profit
Flat White,2343,229.1891891891892,67.17316098707403,70.69095570139459,0.8309859154929577,5.0,240.0,Trending + healthy margin - raise price to capture profit
Cold Coffee,2320,258.3490288404944,81.0725838728664,68.6189709182453,0.8169014084507042,5.0,270.0,Trending + healthy margin - raise price to capture profit
Kashmiri Kahwa,2262,156.4224664224664,38.27167887667888,75.53313168370931,0.8028169014084507,5.0,165.0,Trending + healthy margin - raise price to capture profit
Cappuccino,2251,198.2827380952381,51.61085119047619,73.97108205874848,0.7887323943661971,5.0,210.0,Trending + healthy margin - raise price to capture profit
Bruschetta,2245,260.76900059844405,94.20688809096349,63.87343285637242,0.7746478873239436,5.0,275.0,Trending + healthy margin - raise price to capture profit
Margherita Pizza,2244,382.10096735187426,158.1641898428053,58.606702584672355,0.7605633802816901,5.0,400.0,Trending + healthy margin - raise price to capture profit
Pesto Pasta,2239,429.63089330024815,191.3724627791563,55.45654054132103,0.7464788732394366,0.0,430.0,Balanced - keep price stable
Alfredo Pasta,2226,423.05043050430504,186.89961254612547,55.82096150491365,0.7323943661971831,0.0,425.0,Balanced - keep price stable
Vanilla Shake,2208,256.6160657811512,88.60223276407338,65.47284267087328,0.7183098591549296,0.0,255.0,Balanced - keep price stable
Virgin Mojito,2202,209.7058823529412,62.46444655281467,70.21330739416972,0.704225352112676,0.0,210.0,Balanced - keep price stable
Paneer Burger,2195,311.0584869675779,131.47638906547996,57.73258259332306,0.6901408450704225,0.0,310.0,Balanced - keep price stable
Chicken Caesar Wrap,2193,361.68682367918524,159.49057924888606,55.90367997747312,0.676056338028169,0.0,360.0,Balanced - keep price stable
Caesar Salad,2182,340.32704402515725,158.20693081761004,53.513265079834426,0.6619718309859155,0.0,340.0,Balanced - keep price stable
Blueberry Muffin,2175,156.91922354414527,57.44310582341891,63.39320031923384,0.647887323943662,0.0,155.0,Balanced - keep price stable
Penne Arrabbiata,2169,361.4120947630923,148.55680798004988,58.89545199713647,0.6267605633802817,0.0,360.0,Balanced - keep price stable
Grilled Cheese,2169,288.6681360201511,119.84307934508816,58.48413302647223,0.6267605633802817,0.0,290.0,Balanced - keep price stable
Frappe,2153,308.87748556767156,115.28347658755612,62.676633301491044,0.6056338028169014,0.0,310.0,Balanced - keep price stable
Paneer Tikka Wrap,2141,319.0587492103601,131.3676310802274,58.82650721682143,0.5915492957746479,0.0,320.0,Balanced - keep price stable
Veg Sandwich,2137,244.67741935483872,102.00512966476913,58.31036229917148,0.5774647887323944,0.0,245.0,Balanced - keep price stable
Mac & Cheese,2134,390.725,159.174175,59.261840168916756,0.5633802816901409,0.0,390.0,Balanced - keep price stable
Chicken Burger,2131,342.5078764965343,149.20718966603656,56.43685885642798,0.5492957746478874,0.0,345.0,Balanced - keep price stable
Quinoa Power Bowl,2128,381.42857142857144,174.1628824273072,54.3393192138146,0.5352112676056338,0.0,380.0,Balanced - keep price stable
Chocolate Shake,2123,276.26786824114356,98.43265382224985,64.37057467127093,0.5211267605633803,0.0,275.0,Balanced - keep price stable
Falafel Wrap,2120,310.03192848020433,126.91339719029375,59.06441061976066,0.5070422535211268,0.0,310.0,Balanced - keep price stable
Tiramisu,2108,306.6354234001293,127.10400775694893,58.548817893394336,0.49295774647887325,0.0,305.0,Balanced - keep price stable
Veg Burger,2107,280.8485045513654,116.91268530559167,58.37161907187258,0.4788732394366197,0.0,280.0,Balanced - keep price stable
Red Velvet Slice,2099,276.26050420168065,115.87309631544925,58.05658262649898,0.4647887323943662,0.0,275.0,Balanced - keep price stable
Loaded Nachos,2090,340.8091553836235,130.41929078014184,61.73245679584559,0.4507042253521127,0.0,340.0,Balanced - keep price stable
Croissant,2085,139.01166558651977,49.852709008425144,64.13775146273807,0.43661971830985913,0.0,140.0,Balanced - keep price stable
Farmhouse Pizza,2081,441.22529644268775,185.47932147562582,57.962672817940216,0.4225352112676056,0.0,440.0,Balanced - keep price stable
Club Sandwich,2071,359.7245901639344,155.64304262295082,56.7327208429035,0.4084507042253521,0.0,360.0,Balanced - keep price stable
BBQ Chicken Pizza,2051,521.070707070707,232.3592255892256,55.407352123961275,0.39436619718309857,0.0,520.0,Balanced - keep price stable
Chocolate Brownie,2050,218.43608046722906,83.80837767683323,61.63253914025133,0.38028169014084506,0.0,220.0,Balanced - keep price stable
Iced Mocha,2048,278.8776178010471,93.45432591623036,66.48912643003814,0.3591549295774648,0.0,280.0,Balanced - keep price stable
Hot Chocolate,2048,235.81571994715983,73.03439894319683,69.02903718227014,0.3591549295774648,0.0,235.0,Balanced - keep price stable
Tandoori Paneer Pizza,2039,483.33440514469453,204.10650803858522,57.771160946532994,0.3380281690140845,0.0,485.0,Balanced - keep price stable
Cinnamon Roll,2035,179.4415069398546,69.24107072042301,61.41301313099689,0.323943661971831,0.0,180.0,Balanced - keep price stable
Garlic Bread,1992,223.23349217154527,76.92260721579305,65.54163693471168,0.30985915492957744,0.0,225.0,Balanced - keep price stable
Oreo Shake,1945,286.16326530612247,101.91353061224491,64.38622878334046,0.29577464788732394,0.0,285.0,Balanced - keep price stable
Cheesecake,1936,284.6070175438596,118.36786666666666,58.41006743678572,0.28169014084507044,0.0,285.0,Balanced - keep price stable
Choco Lava Cake,1917,255.98726114649682,107.59491861288039,57.9686433883498,0.2676056338028169,0.0,255.0,Balanced - keep price stable
Pancakes,1764,318.6724008975318,123.97190725504862,61.09738185488129,0.2535211267605634,0.0,320.0,Balanced - keep price stable
Belgian Waffle,1474,340.420814479638,142.777556561086,58.05851155742825,0.23943661971830985,0.0,340.0,Balanced - keep price stable
Eggs Benedict,1313,411.6439024390244,189.5613463414634,53.9501629397893,0.22535211267605634,0.0,410.0,Balanced - keep price stable
Masala Omelette,1301,251.7603550295858,90.57492110453649,64.02335820749359,0.2112676056338028,0.0,250.0,Balanced - keep price stable
Avocado Toast,1277,330.89390962671905,142.00403732809428,57.0847231705507,0.19718309859154928,0.0,330.0,Balanced - keep price stable
Granola Bowl,1255,293.3265720081136,119.68610547667343,59.19697807897102,0.18309859154929578,0.0,295.0,Balanced - keep price stable
French Toast,1248,280.14271151885833,101.329500509684,63.82932828760644,0.16901408450704225,0.0,280.0,Balanced - keep price stable
Aam Panna,1031,176.32226322263222,42.36166051660516,75.97486571328915,0.15492957746478872,0.0,175.0,Balanced - keep price stable
Kulfi Shake,979,274.1963109354414,93.12703557312253,66.03636451000648,0.14084507042253522,-3.0,265.0,Weak seller - small cut to win back volume
Mango Smoothie,857,288.8018433179723,93.19442396313364,67.73066858145842,0.1267605633802817,-3.0,280.0,Weak seller - small cut to win back volume
Mango Cooler,838,215.72196620583716,56.09253456221198,73.99776409014848,0.11267605633802817,-3.0,210.0,Weak seller - small cut to win back volume
Watermelon Slush,791,236.67752442996743,62.77850162866449,73.47508945774842,0.09859154929577464,-3.0,230.0,Weak seller - small cut to win back volume
Gajar Halwa+Icecream,779,319.2095588235294,117.4969669117647,63.19127555427584,0.08450704225352113,-3.0,310.0,Weak seller - small cut to win back volume
Mango Cheesecake,774,311.38613861386136,118.83559405940593,61.83658187599364,0.07042253521126761,-3.0,300.0,Weak seller - small cut to win back volume
Hot Apple Cider,761,212.98736462093862,56.456317689530685,73.49311411500487,0.056338028169014086,-3.0,205.0,Weak seller - small cut to win back volume
Spiced Pumpkin Latte,759,286.448087431694,89.70914389799636,68.68223324430879,0.04225352112676056,-3.0,280.0,Weak seller - small cut to win back volume
Saffron Kesar Latte,672,308.48547717842325,106.66892116182572,65.4217364987558,0.028169014084507043,-3.0,300.0,Weak seller - small cut to win back volume
Gingerbread Latte,667,283.6626746506986,87.05706586826346,69.30965063504908,0.014084507042253521,-3.0,275.0,Weak seller - small cut to win back volume
